Model,Train_AUC,CV_AUC,CV_Std,Test_AUC,Generalization_Gap,Status
Logistic_Regression,0.8758030614070679,0.8738167527738463,0.0034933366263143087,0.8716556108347153,0.004147450572352551,Excellent
Random_Forest,0.9423070211775415,0.9133173157197415,0.004777044946973544,0.9116720143245127,0.03063500685302878,Good
Gradient_Boosting,0.9661498668794203,0.9156914235779172,0.0022903250306627143,0.9164888119787536,0.049661054900666635,Good
XGBoost,0.9665298840327843,0.9153303316358636,0.002720386889054036,0.9159873939481338,0.050542490084650504,Acceptable
LightGBM,0.9735840745314464,0.9130180708068799,0.004280343173273514,0.9152279063619102,0.05835616816953615,Acceptable
CatBoost,0.9559994531900272,0.9180199145377376,0.003389698978536465,0.9156001393996204,0.04039931379040684,Good
